{"cameraMode":{"drawMode":0,"name":"Shaded","section":"Shading Mode"},"sceneLighting":false,"audioPlay":false,"sceneViewState":{"showFog":true,"showMaterialUpdate":false,"showSkybox":true,"showFlares":true,"showImageEffects":true,"showParticleSystems":true},"in2DMode":false,"pivot":{"x":-2.3747823238372804,"y":23.8283748626709,"z":6.311731338500977},"rotation":{"x":0.026006506755948068,"y":0.7448844313621521,"z":0.02905086800456047,"w":-0.6660789251327515},"size":1.6121708154678345,"orthographic":false}