{"cameraMode":{"drawMode":0,"name":"Shaded","section":"Shading Mode"},"sceneLighting":false,"audioPlay":false,"sceneViewState":{"showFog":true,"showMaterialUpdate":false,"showSkybox":false,"showFlares":true,"showImageEffects":true,"showParticleSystems":true},"in2DMode":false,"pivot":{"x":-32.67530822753906,"y":55.304237365722659,"z":5.0},"rotation":{"x":0.00749658839777112,"y":0.02939353883266449,"z":-0.00021972549438942224,"w":0.9995456337928772},"size":16.015457153320314,"orthographic":false}