{"cameraMode":{"drawMode":0,"name":"Shaded","section":"Shading Mode"},"sceneLighting":false,"audioPlay":false,"sceneViewState":{"showFog":true,"showMaterialUpdate":false,"showSkybox":false,"showFlares":true,"showImageEffects":true,"showParticleSystems":true},"in2DMode":false,"pivot":{"x":1.309999704360962,"y":35.130001068115237,"z":5.0},"rotation":{"x":-0.0681624710559845,"y":0.6996237635612488,"z":0.06739296019077301,"w":0.7080704569816589},"size":14.549224853515625,"orthographic":false}