{"cameraMode":{"drawMode":0,"name":"Shaded","section":"Shading Mode"},"sceneLighting":false,"audioPlay":false,"sceneViewState":{"showFog":true,"showMaterialUpdate":false,"showSkybox":false,"showFlares":true,"showImageEffects":true,"showParticleSystems":true},"in2DMode":false,"pivot":{"x":-4.133160591125488,"y":16.838136672973634,"z":-6.265288352966309},"rotation":{"x":0.031142376363277437,"y":0.1493665874004364,"z":-0.0047014132142066959,"w":0.9882904887199402},"size":2.4474315643310549,"orthographic":true}