{"cameraMode":{"drawMode":0,"name":"Shaded","section":"Shading Mode"},"sceneLighting":false,"audioPlay":false,"sceneViewState":{"showFog":true,"showMaterialUpdate":false,"showSkybox":false,"showFlares":true,"showImageEffects":true,"showParticleSystems":true},"in2DMode":false,"pivot":{"x":0.23756703734397889,"y":0.1907680481672287,"z":0.8939364552497864},"rotation":{"x":0.07431603968143463,"y":0.2326473444700241,"z":-0.017832234501838685,"w":0.969555139541626},"size":2.0264992713928224,"orthographic":false}