{"cameraMode":{"drawMode":0,"name":"Shaded","section":"Shading Mode"},"sceneLighting":false,"audioPlay":false,"sceneViewState":{"showFog":true,"showMaterialUpdate":false,"showSkybox":false,"showFlares":true,"showImageEffects":true,"showParticleSystems":true},"in2DMode":false,"pivot":{"x":-5.2161760330200199,"y":16.649999618530275,"z":0.0},"rotation":{"x":0.0179892685264349,"y":-0.03298863396048546,"z":0.000593909586314112,"w":0.9992955327033997},"size":13.266983032226563,"orthographic":true}